,user,tweet_id,created_at,text
0,hellogaurav,1302124671274381312,2020-09-05 06:01:28,"b'Investor or Trader - the most important lesson to learn from equity market is ""Discipline""\n\nDo you agree?\n\n#HappyTeachersDay #HappyTeachersDay2020  #SaturdayMorning \n@WeekendInvestng @Amit_Jeswani1 @safalniveshak @Vivek_Investor @vijaybhambwani'"
1,hellogaurav,1301738023210549248,2020-09-04 04:25:04,"b'RT @amitgupta0310: My interaction with @Geetu_Moza about mid &amp; small caps sharp run, market/sectoral views and trend of Robinhood traders.\xe2\x80\xa6'"
2,hellogaurav,1301727953378635776,2020-09-04 03:45:03,b'RT @CNBCTV18Live: India muddling along in emerging market universe in terms of flows. Investors will deploy money in India if they are conv\xe2\x80\xa6'
3,hellogaurav,1301727254968328192,2020-09-04 03:42:17,b'How low can you go?\n#interestrates #FederalReserve #Nifty https://t.co/dGWTo4CNch'
4,hellogaurav,1301725345943445504,2020-09-04 03:34:42,b'#StocksToWatch\n1. RIL: stake sale talks in retail business \n\n2. IT cos: tech crash in US to weigh on sentiments\n\n3. Sanofi India: parent on ph 2 trial for corona vaccine\n\n4. Bank: SC says support &amp; govt push for loan restructuring; curtail NPA spike\n\n5. KEC: orders of Rs1400 cr'
5,hellogaurav,1301393993599610881,2020-09-03 05:38:01,"b'RT @VetriSmv: US households hold more than 45% of their financial assets in equity, the highest since 1972 and also the highest compared to\xe2\x80\xa6'"
6,hellogaurav,1301391313242214400,2020-09-03 05:27:22,b'How reliable is AI for #equitytrading?\n#stockmarkets #stock $BRK https://t.co/hBcIg7xS0g'
7,hellogaurav,1301386702489964544,2020-09-03 05:09:03,b'Interesting.......\n#ArtificialIntelligence #MachineLearning #technews https://t.co/cLxRNc3XAg'
8,hellogaurav,1301358567597858816,2020-09-03 03:17:15,"b""#StocksToWatch\n1. Vedanta: trims book value by 39% to tone down exp on delisting price\n\n2. Engg India/NCC: new orders\n\n3. Dr Reddy's: US FDA nod for Daptomycin; +ve\n\n4. Steel: price hikes; JSW Steel, Tata Steel etc\n\n5. Q1 result: Coal India\xf0\x9f\x91\x8d; Arvind Fash, Sadbhav engg\xf0\x9f\x91\x8e\n#Nifty"""
9,hellogaurav,1301001283512332288,2020-09-02 03:37:32,b'Rise and rise of \xf0\x9f\x8d\x8e https://t.co/G6oyJx1XBE'
10,hellogaurav,1300998578534404097,2020-09-02 03:26:47,"b'4. ONGC: weak results\n\n5. Results today: Coal India, Jubi Foodworks, Sadbhav Engg, Arvind Fashion\n\n#nifty50 #investors #WednesdayWisdom'"
11,hellogaurav,1300998019932762112,2020-09-02 03:24:33,"b'#StocksToWatch\n\n1. Bh Airtel: AGR relief + no add burden of aircel/videocon dues; +ve\n\n2. Exports: incentives capped; key -ve for auto(Bajaj auto, Bh Forge, Balkrishna, TVS Mot), textiles (Arvind, Welspun India) &amp; other exporters\n\n3. HDFC Bank: ADR up 3.3% &amp; at 10.6% premium'"
12,hellogaurav,1300747179707871233,2020-09-01 10:47:49,"b'RT @Sr1vatsanV: As Lord Ganesha is taken for immersion, here is a wonderful caricature by Siddhant Narvekar. Lord Ganpathi may go from our\xe2\x80\xa6'"
13,hellogaurav,1300732152925974528,2020-09-01 09:48:06,"b'RT @DrNausheenKhan: History of Indian women is full of pioneers, adding to that list today is Ms Charu Sinha, IPS, who is all ready to brea\xe2\x80\xa6'"
14,hellogaurav,1300696225411289088,2020-09-01 07:25:20,b'Decorative paints show stronger revival in demand within paints segment https://t.co/3wIIkDMmDi'
15,hellogaurav,1300641945983877120,2020-09-01 03:49:39,"b'RBI says it is fine with #Rupee appreciation to ease inflationary pressure. \n\nNo wonder, IT stocks opened weak today. \n#TuesdayThoughts #Volatility #stockstowatch #India'"
16,hellogaurav,1300641211141689345,2020-09-01 03:46:44,"b'With sharper than estimated contraction in #GDP in Q1, the median estimates for full year #GDP growth will get slashed further from -6% to -8% approx\n\n#RBI has tough task to calm #bonds market when inflation is uncomfortably high and govt borrowings trgt up #TuesdayThoughts https://t.co/HKXr561xHA'"
17,hellogaurav,1300638304203804672,2020-09-01 03:35:11,b'RT @Lakshmi1876: Pic(k) of the day \n\nZoom barabar Zoom \xf0\x9f\x98\x80 https://t.co/BMzhpHLlSn'
18,hellogaurav,1300632170713604096,2020-09-01 03:10:48,b'#StocksToWatch\n\n1. RIL: to get Rs25200 cr by stake sale in tower InvIT\n\n2. L&amp;T: divests Schneider; orders from defence\n\n3. Bank: RBI takes steps to ease bond yields\n\n3. Telecom: SC verdict on AGR today\n\n4. Bharti Infratel: buys VodaIdea stake in Indus Tower &amp; merge it; +ve\n#Nifty'
19,hellogaurav,1300329133130395651,2020-08-31 07:06:38,"b'RT @DDNational: \xf0\x9f\x87\xae\xf0\x9f\x87\xb3 \nCONGRATULATIONS!!\nInternational Chess Federation,FIDE, declares both India \xf0\x9f\x87\xae\xf0\x9f\x87\xb3 and Russia\xf0\x9f\x87\xb7\xf0\x9f\x87\xba as winners  of the \n#OnlineC\xe2\x80\xa6'"
20,hellogaurav,1300276231934341120,2020-08-31 03:36:26,"b""RT @DeepakRKhemani: Agree \xf0\x9f\x92\xaf% There's no #Competition \nat all https://t.co/qLbjt4IwPE"""
21,hellogaurav,1300275586942734338,2020-08-31 03:33:52,b'Well explained @varinder_bansal https://t.co/nq4jiKjRtZ'
22,hellogaurav,1300271670045802498,2020-08-31 03:18:18,b'6. BEML: Govt could sell 26% stake\n\n7. RIL: Intl media rpts Walmart in race to buy stake in Reliance Retail \n\n#nifty #Investment #investors #MondayMorning'
23,hellogaurav,1300263805830586368,2020-08-31 02:47:03,"b'#StocksToWatch\n\n1. Future grp cos: RIL acq of retail &amp; cons biz; +ve\n\n2. Bank: Future grp stress debt of Rs12K cr; +ve SBI, BOI, Axis Bk ++\n\n3. HDFC Bk: to raise Rs12-15K cr equity\n\n4. RBL Bk: CEO sells Rs38 cr stock\n\n5. UPL: undisclosed payment to directors thru intl subs; -ve'"
24,hellogaurav,1299947005251182593,2020-08-30 05:48:12,"b""RT @vijaybhambwani: Our free weekend WhatsApp market report has been sent out. Don't skip reading the first page!\n\nNot registered yet for o\xe2\x80\xa6"""
25,hellogaurav,1299922231657545728,2020-08-30 04:09:46,"b'@SouravSenguptaI Merger ratio seems positive for future retail, future life and future consumer -- significant premium to market price'"
26,hellogaurav,1299918530788225025,2020-08-30 03:55:03,"b""Reliance Retail finally buys bulk of Future group's retail &amp; cons businesses.\n\nBut the lenders would still end up with ,40% haircut on their exposure to The future group. \n#FutureGroup #Retail #sundayvibes \n#investors #MannKiBaat https://t.co/Jwtg2ZJ8Yj"""
27,hellogaurav,1299589854448115712,2020-08-29 06:09:01,"b'Losing or winning is part of any sport. Good sportsmen win with dignity, lose with humility - never get carried away!\n+ good sportsmen are optimistic.\n\nThis same optimism &amp; control on emotions, greed &amp; fear, are also traits of a successful investor\n#NationalSportsDay  #investors'"
28,hellogaurav,1299288991456395268,2020-08-28 10:13:29,"b""Baton clearly passed on to banks &amp; financials to lead the rally now!\n\n#banknifty ends the week \n- clodes at day's high and week's high\n- double digit weekly gains\n\n#Nifty #FridayFeeling \n@SouravSenguptaI @indiacharts @JayThakkar22 @PRADIP281078"""
29,hellogaurav,1299188415561302018,2020-08-28 03:33:50,"b'#StocksToWatch\n\n1. US Fed: No rate hike on rising inflation; +ve for equities\n\n2. FTSE: Not added Kotak Bk, ICICI Bk, HDFC Bk to largecap index; -ve\n\n3. GMR Infra: corp restructuring to unlock value\n\n4. IDFC: Q1 results \xf0\x9f\x91\x8d\n\n5. Zydus Wellness: raise Rs1100 cr @5% disc\n#investors'"
30,hellogaurav,1298828627358826496,2020-08-27 03:44:10,b'@deepakshenoy @capitalmind_in Congrats Deepak!'
31,hellogaurav,1298824540621910018,2020-08-27 03:27:56,"b'#StocksToWatch\n\n1. ADR: Tata Motors by 11%, HDFC Bk/ICICI Bk down\n\n2. Oberoi/Godrej prop: stamp duty cut to 2% in Maha; +ve\n\n3. HAL: govt to sell 10% stake at 15% disc to CMP; -ve\n\n4. GST council: auto (2-w) \xf0\x9f\x91\x8d; ITC/Bev \xf0\x9f\x91\x8e\n\n5. Result Today: IDFC, NMDC, Edelweiss\n#Nifty #invest'"
32,hellogaurav,1298823669817384960,2020-08-27 03:24:28,"b'@Mavrck_trdr Yes, u r right....typo error'"
33,hellogaurav,1298455717783801857,2020-08-26 03:02:21,"b""#StocksToWatch\n\n1. VaTech: Raises equity from marquee investors\n\n2. Asian Paints/Berger: strong rural demand revival\n\n3. JMC Proj: Adds Rs554 cr fresh orders; +ve for parent KPTL\n\n4. SBI: Moody's downgrade credit ratings\n\n5. Result Today: IGL, Gillette\n#Nifty #investors #equity"""
34,hellogaurav,1298124353343692800,2020-08-25 05:05:38,b'Investing in its pure form !\nInteresting thread....\n\n#GodMorningTuesday #TuesdayMotivation \n#investing #Nifty #equity https://t.co/15HhzQJSNr'
35,hellogaurav,1298093139249393664,2020-08-25 03:01:36,b'#StocksToWatch\n\n1. SBI: Another foreign broker upgrades reco &amp; trgt price\n\n2. Allcargo: promoters intend to delist \n\n3. Max Financial: Axis Bk to buy 17% in Max Life; +ve\n\n4. ADR: HDFC Bk/ICICI Bk up by 2% again\n\n5. Zydus Wellness: plans QIB issue\n#nifty50 #TuesdayMorning #NEW'
36,hellogaurav,1297858075500482561,2020-08-24 11:27:32,"b'Tesla PE multiple breaches 1000 mark \xf0\x9f\x98\xb2\n\nYes, it reminds of Tech bubble of 2,000\n\nDo u agree @elonmusk \n\n#MondayMotivation #equity #TechTrendsetter #'"
37,hellogaurav,1297758925131902977,2020-08-24 04:53:33,b'RT @scribe_prashant: What a fantastic click by colleague Ravi!!! Amazing shot! \n\nPS: It\xe2\x80\x99s clicked on a phone! \xf0\x9f\x91\x87\xf0\x9f\x8f\xbc https://t.co/i8jAxiH4dK'
38,hellogaurav,1297757443720482816,2020-08-24 04:47:40,"b'Apple crosses $2 trillion marketcap milestone.\n\nFirst $1trillion took 42 years\n\nNext $1 trillion just 22weeks\n\nYes, reminds of the tech bubble on 2000!\n\n#Apple #Bubble #FederalReserve #Liquidity #equity #valuation'"
39,hellogaurav,1297735640977567744,2020-08-24 03:21:02,"b'#StocksToWatch\n\n1. ICICI Lombard: Acquires non life ins of Bh Axa at expensive valn\n\n2. ADR prices: HDFC Bk, ICICI Bk prices up\n\n3. Adani Ent: to acq 74% stake in Mumbai airport\n\n4. Weak Result: OIL, PNB\n\n5. Result Today: IRB, LIC Housing\n\n#Nifty #MondayMorning #equity \n#invest'"
40,hellogaurav,1297030720657870848,2020-08-22 04:39:56,"b'Micchami Dukkadam!\n\nForgive and ask for forgiveness, wonderful tradition of Indian culture.\n\n#micchamidukkadam \n#IncredibleIndia https://t.co/0phiMGhz2C'"
41,hellogaurav,1297027763811938305,2020-08-22 04:28:11,"b""RT @projectleapp: He's finally here! \xf0\x9f\x99\x8f#HappyGaneshChaturthi!\n.\n.\n.\n#GaneshChaturthi #GaneshChaturthi2020 #Ganeshotsav2020 #maketheleapp htt\xe2\x80\xa6"""
42,hellogaurav,1297025968188477442,2020-08-22 04:21:03,b'Indians seem to be consuming well within ecological limits as per the data.\n\nWonder why such crucial data is not part of basics for #WTO negotiations?\n\n#EarthOvershootDay #EnoughIsEnough \n#HappyGaneshChaturthi #GaneshChaturthi2020 https://t.co/ggghca1Mf6'
43,hellogaurav,1296659445070491648,2020-08-21 04:04:37,b'Divi Lab: PE 55x\nSBI Life: PE 60x\n\nInclusion of high PE companies would further push up Nifty PE!\n\n#nifty50 #valuation #investor\n#earnings #India'
44,hellogaurav,1296643105156788225,2020-08-21 02:59:41,"b'#StocksToWatch\n\n1. Nifty: Divi, SBI Life IN; Zee, Bh Infratel OUT\n\n2. GMM Pfaudler: to buy stake in global biz of Pfaudler, UK\n\n3. Tata Cons/L&amp;T Info: inclusion in Nifty Next 50 \n\n4.  Gas: could come under GST; +ve for MGL, IGL, Guj Gas\n\n5. Result Today: OIL, PNB, Union Bk\n#Nifty'"
45,hellogaurav,1296407183937220608,2020-08-20 11:22:13,b'Single Malt &amp; Money!\n\nGood example. It will resonate and register well with many investors \xf0\x9f\x8d\xbe\n\n#investor #equities #nifty50 https://t.co/H0IzQ52UGZ'
46,hellogaurav,1296296843605766146,2020-08-20 04:03:46,b'RT @kaliagau: Happy to be on the panel and share my views on the market and industry.\n@Sharekhan @CAIAAssociation'
47,hellogaurav,1296290795599745024,2020-08-20 03:39:44,b'RT @RKALYANARAMAN11: New to market investors are having interesting questions about investing in gold through ETFs . Please find my article\xe2\x80\xa6'
48,hellogaurav,1296279522581520384,2020-08-20 02:54:56,"b'#StocksToWatch\n1. Axis Bank: Carlyle likely to invest Rs5000 cr; +ve\n\n2. Likely Offer for sale/FPO in HAL &amp; IRCTC by govt\n\n3. IIFL Wealth: sp dividend of Rs40/share\n\n4.  RBL Bank: plans another QIB issue; +ve\n\n5. Strong results: Cosmos films, Muthoot Fin, CSB Bank\n#Nifty #Trade'"
49,hellogaurav,1296061422187630594,2020-08-19 12:28:17,b'Omkar Altamonte was marketed as a GREEN project with water harvesting......little did all of us know that builder meant dirty rain water turning GREEN in an unfinished swimming pool .......perhaps we all missed the fine print \xf0\x9f\x98\x82\xf0\x9f\x98\x8e\n\n@kit_kiran @tejkaran @DrChiniwala @ceeveeem https://t.co/YtAFe744vL'
50,hellogaurav,1295920576150700033,2020-08-19 03:08:37,"b'#StocksToWatch\n\n1. HDFC Bk/ICICI Bk: ADR up by 3% plus\n\n2. RIL: buying stake in Netmeds, Vitalic Health\n\n3.  Packaging film: Polyplex, Uflex strong results\n\n4. Equity issue: Phoenix Mills, Dixon\n\n5. Multiplex: likely reopening in Sep; +ve for PVR, Inox Leisure\n#Nifty #Investment'"
51,hellogaurav,1295597201876369409,2020-08-18 05:43:38,b'RT @Lakshmi1876: Pic(k) of the day \n\nManufacturing PMIs suggest that the worst is over in most countries... https://t.co/sdMIfSBsJp'
52,hellogaurav,1295560721514684419,2020-08-18 03:18:41,"b'#StocksToWatch\n\n1. Result today: HAL, Zee, KNR\n\n2. Textiles: Possible levy of import duty; +ve for Arvind/Raymond\n\n3.  Emami: Sharply reduces pledge shares; +ve\n\n4. RBL Bank: plans QIB issue to raise equity\n\n5. Sequent Scientific: Carlyle buys 25% stake; +ve\n\n#stocks #Nifty'"
53,hellogaurav,1295337362491203584,2020-08-17 12:31:08,b'@SouravSenguptaI @WeekendInvestng Conventional wisdom triumphs in testing times \xf0\x9f\x98\x81'
54,hellogaurav,1295201257364176896,2020-08-17 03:30:18,b'RT @ICC: Mahendra Singh Dhoni \xe2\x80\x93 one of the greats.\n\n#DhoniRetires https://t.co/qOiWqNQWKW'
55,hellogaurav,1295199765760679936,2020-08-17 03:24:22,"b'#StocksToWatch\n\n1. RIL: SC says claim AGR dues of Rcom from JIO\n\n2. ICICI Bank: QIB of $2 bln done; +ve\n\n3.  Tata Motors: JLR bailout by UK govt fails; ADR down by 5.16%\n\n4. Gas: prices at decade low; -ve for OIL, ONGC; +ve tiles/fertiliser cos\n\n5. Glenmark: good results\n\n#Nifty'"
56,hellogaurav,1294494081712701440,2020-08-15 04:40:14,"b""Sincere gratitude to #freedom fighters whom we owe our freedom &amp; defence forces who keep us secure\n\nOn this auspicious day, let's pledge to attain financial freedom too\n\nMy plan: investment regularly, balanced &amp; disciplined approach, no over leverage\n\nWhat's ur plan? @Sharekhan https://t.co/dxl3mKUuLK"""
57,hellogaurav,1294485863489925121,2020-08-15 04:07:34,b'#HappyIndependenceDay https://t.co/jWUrxpsOy7'
58,hellogaurav,1294133843192995842,2020-08-14 04:48:46,"b'Yay, new toy for the super rich!\n\nOn more serious note, Robo and AI is surely getting part of our daily lives. And the trend will only grow rapidly going ahead. \n\n#ArtificialIntelligence #robot \n#tech #techtrends #FridayFeeling https://t.co/TPko5E1xsp'"
59,hellogaurav,1294122533352955904,2020-08-14 04:03:50,b'#LOL  \xf0\x9f\x98\x81\n\n#fridaymorning https://t.co/pkOyW08TQC'
60,hellogaurav,1294115679696613378,2020-08-14 03:36:36,"b'#StocksToWatch\n\n1. Telecom - SC hearing on AGR; Bharti &amp; Voda\n\n2. Indigo - gains in market share\n\n3.  Footwear: Media rpt on levy of import duty +ve for Bata, Relaxo\n\n4. IDFC/IDFC Bank - media rpts reverse merger of bank \n\n5. Results today - NTPC, Hindalco, Glenmark, Ramco Cem'"
61,hellogaurav,1293909635355746310,2020-08-13 13:57:51,b'@indiacharts @SouravSenguptaI @PRADIP281078 @gshah26 Good to see you so bullish \xf0\x9f\x98\x81\n\nAny targets?'
62,hellogaurav,1293865169911603202,2020-08-13 11:01:10,b'Is the big bull run for #silver still pending?\n\n@indiacharts @SouravSenguptaI @PRADIP281078 @gshah26 https://t.co/E9huBqSlUl'
63,hellogaurav,1293751025841500160,2020-08-13 03:27:35,"b'#StocksToWatch\n\n1. Bharat Forge  - upgrade by most analyst; defence big opportunity\n\n2. IB Housing - stake sale news; QIB issue\n\n3. Decent results - KPTL, Tata Power\n\n4. Weak results - Aarti Ind, Ashok Ley, Sundaram Fast\n\n5. Results today - Trent, BPCL, Balkrishna Ind\n\n#nifty50'"
64,hellogaurav,1293386722521186306,2020-08-12 03:19:59,b'RT @jobsforher: Have you met the Top 16 women to watch out for in the field of Marketing &amp; Content?\n\nThese hard-working and strong women de\xe2\x80\xa6'
65,hellogaurav,1293386639746560006,2020-08-12 03:19:39,"b'#StocksToWatch\n\n1. HAL  - govt approves 8,772 cr order for trainer aircraft\n\n2. Auto Cos - healthy China sales +ve for Tata Motors, Motherson Sumi\n\n3. NMDC - roll back of price cut +ve\n\n4. Gold loan cos - gold prices plunge -ve\n\n5. Results today - Ashok Ley, Aarti Ind, Bh Forge'"
66,hellogaurav,1293206294292074497,2020-08-11 15:23:01,"b""Much required panic after the euphoria!\n\nDoes vaccine means immediate unwinding of stimulus and excess liquidity globally? \n\nDon't think so. Perhaps it's only a healthy correction in the uptrend in $gold.\n\n#vaccino #vaccinoCovid #Markets \n#goldprice #silver https://t.co/gfQY6VUDNI"""
67,hellogaurav,1293101707744796672,2020-08-11 08:27:26,"b""RT @RKALYANARAMAN11: Happy Janmasthami. Lord krishna's teachings on investments 1. Reach for the butter (goals) through pyramids (SIPs) 2.\xe2\x80\xa6"""
68,hellogaurav,1293066285056585731,2020-08-11 06:06:41,b'Yeh dil maange more!\n\nhttps://t.co/860VmaxoV3'
69,hellogaurav,1293020930168352779,2020-08-11 03:06:27,"b'#StocksToWatch\n\n1. ICICI Bank  - QIB flr price higher than expected +ve\n\n2. Sugar Cos - Hike in MSP by govt -ve\n\n3. Interglobe (Indigo)  - QIB of $534 mln +ve\n\n4. AMC cos: Net -ve flows in MF July; -ve for Nippon &amp; HDFC AMC\n\n5. Result today  - Motherson Sumi, Bosch, Adani Ports'"
70,hellogaurav,1292663045102030849,2020-08-10 03:24:21,"b'#StocksInFocus\n\n1. Pharma result  - Cipla and Divi Labs \xf0\x9f\x91\x8d; Lupin \xf0\x9f\x91\x8e\n\n2. Weak result - Bata, Concor, MGL\n\n3. Defence cos  - new policy to indigenise mfg; +ve Ashok Ley, Bh Forge, L&amp;T, BEL\n\n4. PVR: Rights issue at huge discount to CMP\n\n5. REC - Improving asset quality +ve\n#Nifty'"
71,hellogaurav,1292427159034724352,2020-08-09 11:47:01,b'RT @Schuldensuehner: Global stock mkts have hit another milestone. All stocks now worth more than 100% of global GDP for the 1st time since\xe2\x80\xa6'
72,hellogaurav,1292342693582868481,2020-08-09 06:11:23,"b""Defense stocks expected to be on fire on Monday!\n\nRight intent; though don't expect any immediate benefits to Indian cos. But markets likely to celebrate as initial reaction.\n#sundayvibes #Nifty\n#DefenceMinister #marketing\n#AtmaNirbharBharat \n\nhttps://t.co/yf61JJLuHf"""
73,hellogaurav,1292324781115584513,2020-08-09 05:00:12,b'@gupta_akhilesh \xf0\x9f\x98\x86 #WeekendWisdom'
74,hellogaurav,1291621367360548864,2020-08-07 06:25:05,"b'RT @Sharekhan: Are you ready for this?!\n\nFor the very 1st time, #SharekhanClassroom is diving deep into the philosophy &amp; strategy that powe\xe2\x80\xa6'"
75,hellogaurav,1291621346594570242,2020-08-07 06:25:00,"b'RT @Sharekhan: Time to get those notebooks out!\n\n#SharekhanClassroom presents the \xe2\x80\x9cGetting Technical with POP Philosophy\xe2\x80\x9d module, where we\xe2\x80\xa6'"
76,hellogaurav,1291576756655157250,2020-08-07 03:27:49,b'@SouravSenguptaI \xf0\x9f\x99\x8f'
77,hellogaurav,1291576090410983425,2020-08-07 03:25:10,"b'#StocksInFocus\n\n1. HPCL - good Q1 results\n\n2. Mindspace Business REIT  - listing today; expect +ve opening\n\n3. Jubilant Food - enters ready to eat packed food category +ve\n\n4. Weak results: Lupin, Pidilite, Indian Hotels\n\n5. Results today: Cipla, M&amp;M, Maha Gas\n\n#NiftyBank #Nifty'"
78,hellogaurav,1291279285668311040,2020-08-06 07:45:47,"b""Status quo on policy rate. No extension of moratorium. Lastly, restructuring of debt -- one time window for banks removes major overhang of surge in NPAs post moratorium period.\n\nCouldn't have been better!\n#RBIPolicy #RBI #RestructuringOfDebt\n@Sharekhan"""
79,hellogaurav,1291208184674185218,2020-08-06 03:03:15,"b'#StocksInFocus\n\n1. HDFC Ltd - to raise 23,000 cr incl 14,000 cr equity QIB \n\n2. Apollo Tyres - results beat exp +ve\n\n3. Tata Motors - ADR up by 3.7%; better outlk\n\n4. Real estate results - DLF \xf0\x9f\x91\x8e, Godrej Prop \xf0\x9f\x91\x8d\n\n5. Banks - RBI to cut rate by 25 bps or pause \n\n#Nifty #investor'"
80,hellogaurav,1290948961704898561,2020-08-05 09:53:11,b'RT @RKALYANARAMAN11: A lot of first time investors have asked us on simple rules to be followed for investments. They are 1) Risk and retur\xe2\x80\xa6'
81,hellogaurav,1290872852892143623,2020-08-05 04:50:46,b'RT @WeekendInvestng: That is the world at the back trying to HOLD ON to the ever bursting monetary base on $FIAT currency.\n\nThr GOLDen bike\xe2\x80\xa6'
82,hellogaurav,1290849173604954113,2020-08-05 03:16:40,"b'#StocksInFocus\n\n1. HDFC Bank - analysts +ve on choice of New CEO\n\n2. Strong results - Tata Cons, PI Industries, GCPL\n\n3. Maruti - volume sales to stabilise in H2\n\n4. Tata Motors - healthy China sales; possible defence order\n\n5. SPARC - strong Q1; +ve rub off on Sun Ph\n\n#Nifty'"
83,hellogaurav,1290513474343247872,2020-08-04 05:02:43,b'RT @YourStoryCo: How can you stay in the pink of financial health amid the coronavirus-fuelled economic downturn? Experts outline the basic\xe2\x80\xa6'
84,hellogaurav,1290502793510305793,2020-08-04 04:20:17,b'@shahparag2000 Goals &amp; objectives https://t.co/at0KHz83ox'
85,hellogaurav,1290488587306164226,2020-08-04 03:23:49,"b'RT @sanjhota: #Relaxo Resilient performance in tough environment, expect footwear segment to see early recovery post normalisation of the p\xe2\x80\xa6'"
86,hellogaurav,1290483058441773056,2020-08-04 03:01:51,"b'#StocksInFocus\n\n1. Infosys - multi-mln order win\n\n2. Defence stocks - New production policy +ve for BEL, L&amp;T, BEML, Bh Forge\n\n3. Tata Motors - possible stake sale in PV to strategic investor\n\n4. Steel cos - price hike, healthy exports\n\n5. KEC Intl - order win \n#finance #nifty50'"
87,hellogaurav,1290470763200487425,2020-08-04 02:13:00,"b'RT @charliebilello: With 75% of companies reported, S&amp;P 500 GAAP earnings down 48% over the last year, S&amp;P 500 Sales down 12.8%. $SPX https\xe2\x80\xa6'"
88,hellogaurav,1290335721690021888,2020-08-03 17:16:23,b'RT @pdacosta: Negative interest rates are coming. https://t.co/km06w0hcTZ'
89,hellogaurav,1290125684057112577,2020-08-03 03:21:47,"b""#StocksInFocus\n\n1. HCL Tech - $600 mln order win\n\n2. Auto sales - good volume sale by Hero Moto, Maruti, M&amp;M (tractors)\n\n3. Bandhan Bank - stake sale of $1.4 bln\n\n4.  Cadila Health - nod by US FDA for Parkinson's drug\n\n5. Strong results - Zydus Wellness, Laurus Labs, UPL\n#Nifty"""
90,hellogaurav,1289796435924226049,2020-08-02 05:33:28,b'#HappyFriendshipDay2020 https://t.co/IDcjbh2ZTD'
91,hellogaurav,1289792039828115456,2020-08-02 05:16:00,"b'Everyone has the brainpower to make money in stocks. Not everyone has the stomach. If you are susceptible to selling everything in a panic, you ought to avoid stocks and mutual funds altogether.\n~ Peter Lynch\n#quotes #investing #Investment #investor #Nifty #sundayvibes'"
92,hellogaurav,1289421605588803584,2020-08-01 04:44:01,b'Where is the bottom ?\n\n#bonds #yield https://t.co/cXofczMjLK'
93,hellogaurav,1289412481362755584,2020-08-01 04:07:46,"b""RT @Schuldensuehner: #Apple is again the largest company in the world when measured by market cap. After blowout numbers, Apple's market ca\xe2\x80\xa6"""
94,hellogaurav,1289100829341782032,2020-07-31 07:29:22,"b'Finally, some good news on #economy\n\nFor first time since corona crisis, the growth in #electricity consumption turns positive as compared to same period last year.\n\n#greenshoots \n#FridayThoughts https://t.co/Pm86sUeduA'"
95,hellogaurav,1289090766501945344,2020-07-31 06:49:23,b'Aamchi Mumbai \xf0\x9f\x98\x81 https://t.co/3UTJtQwNhh'
96,hellogaurav,1289067469764583424,2020-07-31 05:16:49,"b'RT @monikahalan: Join the conversation!\nAug 1, 2020\n@ecelliitm https://t.co/3NF8W0YQzQ'"
97,hellogaurav,1289062514454487041,2020-07-31 04:57:07,b'RT @projectleapp: #ContestAlert Tweet us what features would you prefer in a Discount Broking platform using #MyTradingPlatform &amp; Win BIG!\xe2\x80\xa6'
98,hellogaurav,1289062367192473601,2020-07-31 04:56:32,"b'@bhootnath Well, china seems to be going for major infra projects to support their economy - rail lines, 13 new airports etc. \n\nBut yes, the demand surge from China not likely to sustain and some Indian steel companies have indicated the same.'"
99,hellogaurav,1289048915279597568,2020-07-31 04:03:05,b'@PawanDurani wish you a very happy birthday.'
100,hellogaurav,1289044825640062976,2020-07-31 03:46:50,b'Life lessons!\n#fridaymorning #education #HappyFriendshipDay2020 https://t.co/r94MAGqcmX'
101,hellogaurav,1289037135039741952,2020-07-31 03:16:16,"b'#StocksInFocus\n\n1. Bharti Airtel - consensus upgrade of trgt price\n\n2. Torrent Pharma - decent Q1,  +ve outlook\n\n3. Dixon - import restrictions on TV sets is +ve\n\n4. Reliance Ind - in line Q1 results; strong JIO perf +ve\n\n5. Results today - SBI, Tata Motors, IOC, Sun Ph\n\n#Nifty'"
102,hellogaurav,1289028560041123841,2020-07-31 02:42:12,b'@bhootnath Floods have impacted their domestic production of steel which seems to be the reason for imports of steel.'
103,hellogaurav,1288803149503803394,2020-07-30 11:46:30,b'RT @FoundingF: 1/ Justice Srikrishna \xf0\x9f\x91\xa8\xf0\x9f\x8f\xbb\xe2\x80\x8d\xe2\x9a\x96\xef\xb8\x8f on what Vikas Dubey\xe2\x80\x99s encounter can teach us about a completely different topic \xe2\x80\x98Data Privacy\xe2\x80\x99 \xf0\x9f\x94\x90\xe2\x80\xa6'
104,hellogaurav,1288781717180825600,2020-07-30 10:21:20,"b'Kids today \xf0\x9f\x98\xb2\xf0\x9f\x98\x86\n\nYes, they need better education.\n#educationpolicy2020 #NewEducationPolicy2020 #NEP2020 \n#FriendshipDay #LOL https://t.co/dKTc09RQQ6'"
105,hellogaurav,1288749637197651970,2020-07-30 08:13:51,b'RT @moneycontrolcom: #MCPro | The #NEP\xe2\x80\x99s focus to build the institutional capacity of Higher Education Institutions in line with the best p\xe2\x80\xa6'
106,hellogaurav,1288748482950381568,2020-07-30 08:09:16,"b'@kushkatakia Mykonos, Greece \nBeautiful memories'"
107,hellogaurav,1288731821723676672,2020-07-30 07:03:04,b'@bhootnath Hey three things that you feel are important and needs to be highlighted \n@bhootnath #NewEducationPolicy #NewEducationPolicy2020'
108,hellogaurav,1288731225851441153,2020-07-30 07:00:42,"b'RT @Valuemev_jayate: By doing this Traders think, bucket is getting filled faster. \xf0\x9f\x98\x82\n#Equity4Life #investing @dmuthuk @FI_InvestIndia #Pati\xe2\x80\xa6'"
109,hellogaurav,1288678550057267203,2020-07-30 03:31:23,"b""RT @charliebilello: Powell presser summary...\n-We saved the economy &amp; markets look great but...\n-We're never gonna raise rates and...\n-We'r\xe2\x80\xa6"""
110,hellogaurav,1288673692172431361,2020-07-30 03:12:05,b'Remember Kodak!\n\nFrom going bust to sudden darling of equity investors.\n#UnusualTimes #ThrusdayMotivation\n#equity #market\nKodak shares soar 300% in wild ride after Trump taps the former film giant to make drug ingredients https://t.co/6JvhoTSwiV'
111,hellogaurav,1288672274954903553,2020-07-30 03:06:27,b'#StocksInFocus\n\n1. Bharti Airtel - Good Q1 operating results; ARPU up &amp; AGR prov done\n\n2. Maruti - mgmt +ve outlook\n\n3. IT cos - good Cognizant results +ve for IT stocks\n\n4. Mastek - beats expectation; valn attractive \n\n5. NMDC - rising iron ore &amp; metal prices\n\n#nifty50 #market'
112,hellogaurav,1288489044544905216,2020-07-29 14:58:21,b'RT @leadlagreport: Insiders bought the March dip but have since then turned sellers. The ratio of insider buying compared to selling is at\xe2\x80\xa6'
113,hellogaurav,1288358163863891968,2020-07-29 06:18:17,b'RT @SouravSenguptaI: @hellogaurav They say bull rally\nI hear RIL..\xf0\x9f\x98\x86\xf0\x9f\x98\x86\xe2\x9d\xa4\xf0\x9f\x91\x87 https://t.co/51ovLlfPKx'
114,hellogaurav,1288355636292358145,2020-07-29 06:08:14,b'They say bull rally\nI hear gold &amp; silver https://t.co/ORFfGsBAcP'
115,hellogaurav,1288345066314936320,2020-07-29 05:26:14,"b""RT @RKALYANARAMAN11: Three biggies to announce results today - Bharti Airtel, Maruti, Dr.Reddy's...#StockMarket #projectleapp"""
116,hellogaurav,1288343699621994496,2020-07-29 05:20:48,b'If modesty and simplicity had a name ......\n@NimratOfficial \n@TheEmmys \n#Emmys2020 \n#COVID19 \n#TigerDay https://t.co/mWWPHlFWEz'
117,hellogaurav,1288316605676400640,2020-07-29 03:33:09,b'Negative returns the #NewNormal \n #wednesdaymorning #bonds\n#Nifty https://t.co/qwC9sdFCQR'
118,hellogaurav,1288309827853103104,2020-07-29 03:06:13,"b'#StocksInFocus\n\nDefence Stocks - BEL, BEML: amended draft Procurement Policy out\n\nHexaware - Strong results\n\nTata Consumer - strong results of Tata Coffee \n\nNestle - weak results; abs and relative to HUL, Brittania\n\nM&amp;M and Ultratech - consensus upgrades on good results \n#Nifty'"
119,hellogaurav,1288156949062619136,2020-07-28 16:58:44,"b'RT @c_assisi: Totally enjoyed listening to my friend &amp; colleague, CS Swami, talk about what he learnt from #azimpremji during his stint at\xe2\x80\xa6'"
120,hellogaurav,1287952252183801856,2020-07-28 03:25:20,b'#StocksInFocus\n\n1. IndusInd Bank to raise $400-500 mln fresh equity.\n\n2. M&amp;M - escorts give +ve outlook for tractor \n\n3. Reliance Industries - 2 big brokers downgrade to Hold/Neutral post rally\n\n4. Airtel/Voda - courts refuse any change AGR outflow\n\n5. Coromandel - good results'
121,hellogaurav,1287950677071679488,2020-07-28 03:19:05,b'RT @ValaAfshar: Seven dangers to human virtue:\n\n1. Wealth without work\n\n2. Pleasure without conscience\n\n3. Knowledge without character\n\n4.\xe2\x80\xa6'
122,hellogaurav,1287949942024093697,2020-07-28 03:16:09,"b""RT @McClellanOsc: Important context: FDR forbade Americans' private ownership of gold. Congress changed that, with an eff. date of Jan. 1,`\xe2\x80\xa6"""
123,hellogaurav,1287949672565227521,2020-07-28 03:15:05,"b'RT @charliebilello: Global COVID-19 Update:\n-7-day average of new cases: 255,642 (new high)\n-7-day average of deaths: 5,658 (highest since\xe2\x80\xa6'"
124,hellogaurav,1287943587171201024,2020-07-28 02:50:54,b'#EPF withdrawals will impact returns for investors! #tuesdayvibes https://t.co/ppxdN28ygD'
125,hellogaurav,1287942351021735937,2020-07-28 02:45:59,b'Coming from poster child of #Capitilism\nNot that I am a fan of #socialism\n\n#tuesdayvibes #COVID19 #PUBG https://t.co/1VXd1TZg9f'
126,hellogaurav,1287810974968246272,2020-07-27 18:03:57,b'@zerohedge What about #USD? \n\nThis kind of money printing will erode market faith on Dollar..'
127,hellogaurav,1287779011154726912,2020-07-27 15:56:56,b'@starlord32829 @indiacharts @udaykotak Hey talking abt this week view of Mr Kotak and last week view of Mr Puri. Both views post Q1 results in July 2020.'
128,hellogaurav,1287772597019537409,2020-07-27 15:31:27,b'RT @susantananda3: Joint venture Company..... https://t.co/P3o98S73i9'
129,hellogaurav,1287772320929427456,2020-07-27 15:30:21,b'@SushilBhasin Stock up my bar \xf0\x9f\x8d\xbb\xf0\x9f\xa5\x83\xf0\x9f\x8d\xbe'
130,hellogaurav,1287770277040930816,2020-07-27 15:22:14,b'@indiacharts Gold takes all the blink given that  currencies under pressure due to massive stimulus. #bitcoin not the answer'
131,hellogaurav,1287769245791612933,2020-07-27 15:18:08,b'Tussi great ho!\n #ihavejoke #lol #lockdown https://t.co/7Stgrodqkg'
132,hellogaurav,1287742126814445571,2020-07-27 13:30:22,b'RT @shuklasach: Hilarious!\nThanks WA https://t.co/FIjhA2OQXz'
133,hellogaurav,1287739261974802434,2020-07-27 13:18:59,b'#lol https://t.co/kNleRV0RPm'
134,hellogaurav,1287738436346982400,2020-07-27 13:15:42,b'@BankniftyA @SouravSenguptaI Completely agree.'
135,hellogaurav,1287738213008699392,2020-07-27 13:14:49,"b'Economy to get back to FY2019-20 level by Q1 of next fiscal FY2021-22 says @udaykotak - one year later.\n\nHe is among most cautious of leading bankers in India.\n\nOn the other hand, Aditya Puri of #HDFCBank sounds lot of confident on pace of recovery.\n\n#banknifty'"
136,hellogaurav,1287725721540890624,2020-07-27 12:25:11,"b""RT @purohitjay: Today's Market Condition :) \n\n#Nifty #BankNifty #NiftyIT https://t.co/XB4IOQeyKF"""
137,hellogaurav,1287717815349211136,2020-07-27 11:53:46,b'@RKALYANARAMAN11 *available'
138,hellogaurav,1287711176336408576,2020-07-27 11:27:23,b'@RKALYANARAMAN11 Direct access has been able for institutional investors for a long time now. Not much changed for institutional broking business.....'
139,hellogaurav,1287700040824176640,2020-07-27 10:43:08,b'@bhootnath Gold surging is more to do with inflation risk rather than geo-political issues. Massive stimulus would give rise to inflation with some experts (Russel Napier) forecasting 4% inflation in US next year'
140,hellogaurav,1287665314059243520,2020-07-27 08:25:09,b'Ban on #PUBG is music to ears of most parents. Been getting impossible to get kids off it. \n#ChineseAppsBlocked #China https://t.co/uKJ1O8iXMA'
141,hellogaurav,1287628038943858688,2020-07-27 05:57:02,b'Two records today:\nNew high in #gold\nNew low in #BondYield\n\nWhat does it say about the state of financial markets?\n#MondayMotivaton\n#mondaythoughts\n#investor #Nifty #Markets\n\nhttps://t.co/6LCj8R3E7O'
142,hellogaurav,1287615815588524038,2020-07-27 05:08:27,"b""RT @DrChiniwala: @bhootnath Like in everything else, we can always interpret science or events as per our beliefs. For me, this 'no beginin\xe2\x80\xa6"""
143,hellogaurav,1287594174280163328,2020-07-27 03:42:28,b'#LOL \xf0\x9f\x98\x81 https://t.co/wVd4MirvK4'
144,hellogaurav,1287585286835167232,2020-07-27 03:07:09,b'US Dollar grinding down while #gold surges up. Both are #SafeHaven asset but r behaving quite different lately.\nThe reason: gold is also seen as inflation hedge unlike $USD. Expect current trend to sustain. So gold and #EmergingMarkets #equities to rally in unison. #nifty50 https://t.co/FoyWLfL8Ok'
145,hellogaurav,1287580468095774721,2020-07-27 02:48:00,"b'Gold makes a new high. Almost after nine years, it crosses the previous high made in Sep 2011\n#gold #InflationHedge #mondaythoughts #investing https://t.co/GxyhsL0qfO'"
146,hellogaurav,1287268227677003777,2020-07-26 06:07:16,"b'#BehaviourChange \nWhat makes #lockdown effective in Europe but not in US, Brazil and India?\n\n#coronavirus #sundayvibes \n\nhttps://t.co/u8ZaMsYkyb'"
147,hellogaurav,1287237390692564993,2020-07-26 04:04:44,b'Lets celebrate the bravary and commitment of #IndianArmy and all the soliders who fought with  grit and determination to bring glory for the nation. #KargilVijayDivas #Kargil #kargilheros #SundayThoughts #sundayvibes https://t.co/JutLdnjVOf'
148,hellogaurav,1287235315027992576,2020-07-26 03:56:29,"b'RT @ValaAfshar: Champions aren\xe2\x80\x99t made in gyms. Champions are made from something they have deep inside them\xe2\x80\x94a desire, a dream, a vision. Th\xe2\x80\xa6'"
149,hellogaurav,1287041261535293441,2020-07-25 15:05:23,b'\xf0\x9f\x98\xb2\xf0\x9f\x99\x84 https://t.co/BfBxG9jqQc'
150,hellogaurav,1287039233044017153,2020-07-25 14:57:19,b'This is how you should gurgle using warm water with little salt. Do it thrice in a day to avoid #coronavirus #LOL #humor #NaturePhotography #SaturdayExpress #ihaveajoke https://t.co/dM0bkhQ95Y'
151,hellogaurav,1286974166231478274,2020-07-25 10:38:46,b'@neerajsingh1902 Two out of Big 5 in US already investors in Reliance. Third one to join the party soon @Facebook @Google @amazon'
152,hellogaurav,1286919961823154176,2020-07-25 07:03:23,"b'RT @moneycontrolcom: What is the road ahead? How to #invest in such a market? \xf0\x9f\xa7\x90 Eminent experts of #market, economy and #investing share th\xe2\x80\xa6'"
153,hellogaurav,1286893393881096197,2020-07-25 05:17:49,"b'@shahparag2000 @PadmaLakshmi Yes, enjoy the weekend \xf0\x9f\x8d\xbb\n\nDestress, recoup and be ready for Monday @shahparag2000'"
154,hellogaurav,1286886567500320774,2020-07-25 04:50:41,b'Happy #TequilaDay \n\nWay to celebrate it \xf0\x9f\xa5\x83 \nLessons from @PadmaLakshmi \n#SaturdayMorning #TequilaCazadores https://t.co/HOHGmOzMua'
155,hellogaurav,1286882371061444608,2020-07-25 04:34:01,"b'US equities has turned into a 5 stock market. \n\nOut of S&amp;P 500, only 5 stocks in positive returns  YTD while the rest 495 have given negative returns. \n\nSo is it worth looking at aggregate profits of S&amp;P 500? @charliebilello @gshah26 @SouravSenguptaI https://t.co/yw87iwwCXP'"
156,hellogaurav,1286878253433511936,2020-07-25 04:17:39,"b""@KalpenParekh You fresh breeze of honesty and modesty in this pretentious world. Most don't admit their mistakes to themselves let alone broadcast it.\n#Emotions cloud logic while #investing\nNo such issues in #algo and #robo advisory products for #investors"""
157,hellogaurav,1286683950920765440,2020-07-24 15:25:33,"b'@leadlagreport Yes, small businesses are hit hard. But do keep faith in Indian entrepreneurs; their resilience, survival spirit and ability to bounce back.'"
158,hellogaurav,1286637534231986176,2020-07-24 12:21:07,"b""I have a joke on RaGa but it's still 'coming of age' https://t.co/gNEqgHtouS"""
159,hellogaurav,1286637043456516097,2020-07-24 12:19:10,b'My sunset click! https://t.co/hHcutVeYqE https://t.co/RqJaYoAMyA'
160,hellogaurav,1286633899313913856,2020-07-24 12:06:40,b'RT @saurabhmisuriya: @Sharekhan I am amazed with your online process for opening a new Demat/Trading Account!! It happened in just 2 hours!\xe2\x80\xa6'
161,hellogaurav,1286628724813606913,2020-07-24 11:46:07,b'Only Reliance! https://t.co/BcQj8LSYRh'
162,hellogaurav,1286517026500968448,2020-07-24 04:22:16,"b'RT @moneycontrolcom: Daily Voice | ""Equities have attracted #investor attention due to the comparatively weaker return profile of other ass\xe2\x80\xa6'"
163,hellogaurav,1286512521143152641,2020-07-24 04:04:21,"b'#investing #nifty50 #fridaymorning\n@Sharekhan\nDAILY VOICE: New investors flock to equities as fixed income, real estate returns disappoint https://t.co/F6XcC25Mgi'"
164,hellogaurav,1286255609831030784,2020-07-23 11:03:29,b'RT @Amit_Jeswani1: Gurss this stock \xf0\x9f\x98\x82 https://t.co/X4FsNO9gq2'
165,hellogaurav,1286238466540363776,2020-07-23 09:55:22,b'Het @flyspicejet still waiting for my refund that was due in March 2020.\n\nAny updates pls\n#custserv @MoCA_GoI https://t.co/WwiBnfSit8'
166,hellogaurav,1286237070692818944,2020-07-23 09:49:49,b'RT @RKpanday1977: Tilak &amp; Talwar.                               Two great sons of Bharat Mata \xf0\x9f\x99\x8f\xf0\x9f\x99\x8f\xf0\x9f\x99\x8f\xf0\x9f\x99\x8f https://t.co/My29EI6IgB'
167,hellogaurav,1286188007339388928,2020-07-23 06:34:51,"b""Extraordinary company @Tesla , no doubt.\n\nBut does this justify 'Buy at any price' logic in the markets today?\n\n#investing #Investment #bubble #nifty https://t.co/dcfFmPSdCh"""
168,hellogaurav,1286184143374544897,2020-07-23 06:19:30,b'Opportunity in adversity \xf0\x9f\x8d\xbe\xf0\x9f\x98\x81\n#thursdayvibes #LOL #floods #rains https://t.co/9Id3E22DIa'
169,hellogaurav,1286173995407048704,2020-07-23 05:39:11,"b'@RKALYANARAMAN11 Except improving sentiments for stocks like Muthoot Fin, Manappuram Fin and Federal Bank due to increasing value of collateral which supports credit growth and reduces risk of defaults for gold finance business.'"
170,hellogaurav,1286148848667127808,2020-07-23 03:59:15,b'Two pillars of Indian freedom struggle share their birth anniversary today.\n#BalGangadharTilak #ChandrashekharAzad \nPaying tribute to these revolutionary leaders and freedom fighters\xf0\x9f\x99\x8f\n#swaraj #NationFirst https://t.co/IVHbEeNnT6'
171,hellogaurav,1286147172551950336,2020-07-23 03:52:36,b'Nations race to secure #Covid_19 vaccine supply. Trump administration signs $2 bln deal with Pfizer for 100 mln doses. What abt poor and developing nations? @TwitterMoments #ThursdayThoughts https://t.co/A0S0Rfrk6H'
172,hellogaurav,1285959977467670528,2020-07-22 15:28:45,b'RT @Stocktwits: Futures this morning. \n \n\xe2\x9c\xa6 S&amp;P 500 \xe2\x96\xbc 0.10%     \n\xe2\x9c\xa7 Nasdaq \xe2\x96\xb3 0.22%     \n\xe2\x9c\xa6 Russell 2k \xe2\x96\xbc 0.67%     \n\xe2\x9c\xa6 Dow Jones \xe2\x96\xbc 0.16% https:/\xe2\x80\xa6'
173,hellogaurav,1285913818674020352,2020-07-22 12:25:20,b'Relapse or wave 2 post unwinding of lockdown. Been the cases in many countries.  #COVID19 #Covid_19 #COVIDIDIOTS #WednesdayMotivation https://t.co/AWKhb8Vk3D'
174,hellogaurav,1285795853714640896,2020-07-22 04:36:35,b'RT @RKALYANARAMAN11: New rules brought out by SEBI on upfront margins and hence leverage trades ! It will be interesting to see how traders\xe2\x80\xa6'
175,hellogaurav,1285795545479393281,2020-07-22 04:35:21,b'Can Indian chemicals industry repeat the success story of IT services and generic pharma companies in exports? \n\nOpportunity galores and some Indian companies are well positioned in terms of scale of operations and domain expertise. \n#economy #WednesdayWisdom #investing #Nifty https://t.co/AmyG8zJn39'
176,hellogaurav,1285765089073590273,2020-07-22 02:34:20,b'Silver/Gold Price Ratio Reversal Sends Monster Bullish Message https://t.co/u1QTfcCEoE'
177,hellogaurav,1285466896238706688,2020-07-21 06:49:25,b'Falling returns from #equities over past decades is also function of lower #inflation. Real returns (absolute returns minus avg inflation) gives different picture. Index would generally give compounded annual returns that are double (2x)  of avg inflation. #nifty\n#investing https://t.co/7GUycKr2y8'
178,hellogaurav,1285435977100431360,2020-07-21 04:46:33,b'Gold hits 9 year high in global markets. Why is #gold attracting such a strong buying interest ? #investing #COVID19\n@Sharekhan\n\nGold: Safe haven asset or inflation hedge! @moneycontrolcom https://t.co/NX51dWQ6Cs'
179,hellogaurav,1285429710931980289,2020-07-21 04:21:39,"b'India to get #Rafale soon\nWorld to get #COVID vaccine soon\nEquity to get more #Stimulus dose soon\nSuddenly, all is well. #investing\n#tuesdayvibes @Sharekhan'"
180,hellogaurav,1285110936588767232,2020-07-20 07:14:58,"b""Can't get complacent at all. Unlock does not mean doing away with social distancing and precautions. https://t.co/aAqRxy61jl"""
181,hellogaurav,1284350889050816513,2020-07-18 04:54:48,"b""RT @MerloDolphin: One of my co-#authors @benitadua is nominated for 'HerRising' Awards 2020.\n\nThe voting is now open. Support your favorite\xe2\x80\xa6"""
182,hellogaurav,1283965811258867712,2020-07-17 03:24:38,"b'@flyspicejet Hey @flyspicejet am still waiting for the refund. Despite your repeated assurance, there seems to be no progress on my refund which is already delayed by 4 months now.'"
183,hellogaurav,1283683960942288896,2020-07-16 08:44:40,b'@bhootnath @hinditweeter Happy Birthday Anurag!'
184,hellogaurav,1283635494165704706,2020-07-16 05:32:05,b'RT @rkbnow: Bull chases truck carrying his friend a cow that had been sold in Tamil Nadu\nThe TN Dy CM\xe2\x80\x99s son intervened to bring the cow bac\xe2\x80\xa6'
185,hellogaurav,1283634600938401792,2020-07-16 05:28:32,b'Privstisation comes back to fore!\nBPCL and Concor high up on agenda. bhttps://m.economictimes.com/news/economy/policy/departing-from-the-past-cabinet-may-soon-consider-big-bang-privatisation-policy/articleshow/76970296.cms'
186,hellogaurav,1282940078654754816,2020-07-14 07:28:45,b'And equity investors are most bullish \xf0\x9f\x98\x90 https://t.co/GpOh7tFcUF'
187,hellogaurav,1282624874138054656,2020-07-13 10:36:14,"b""RT @sidart_misra: The State of Indian State's debts. https://t.co/Kd2xUt2wCy"""
188,hellogaurav,1282550415322525697,2020-07-13 05:40:22,b'#LOL \n#MondayMotivation https://t.co/bbicM2WTJv'
189,hellogaurav,1282549545222565889,2020-07-13 05:36:54,"b'RT @IPF_ORG: Every police officer takes an oath of allegiance to the constitution of India, swearing to enforce the law strictly, without f\xe2\x80\xa6'"
190,hellogaurav,1281929639204536322,2020-07-11 12:33:37,"b'RT @janmajit007: In Assam a person bought a cow. During night he heard the dogs barking, it happened for successive nights; so he got CCTV\xe2\x80\xa6'"
191,hellogaurav,1281795795285467137,2020-07-11 03:41:46,b'Making sona our of aloos \xf0\x9f\x98\x81\n\n#SaturdayThoughts #humour \n#innovation #hygiene #AUTOMATION https://t.co/lI3aIb56i8'
192,hellogaurav,1280894395873558533,2020-07-08 15:59:56,"b""RT @benitadua: I'm grateful for my first ever podcasted interview courtesy @JyothiG7. \n\nNo matter which platform you prefer, you can listen\xe2\x80\xa6"""
193,hellogaurav,1278901754076073984,2020-07-03 04:01:53,b'RT @Sunil_Deodhar: PM Garib Kalyan Anna Yojana is now extended to November so that around 80 Cr people can get free ration for 5 more month\xe2\x80\xa6'
194,hellogaurav,1278584966696374273,2020-07-02 07:03:05,"b'Tough times do not last forever, crisis-driven weakness an opportunity: Gaurav Dua @moneycontrolcom @Sharekhan https://t.co/ztCp0ZZ9kV'"
195,hellogaurav,1278311410359922690,2020-07-01 12:56:04,"b'RT @Sharekhan: Gaurav Dua, Senior Vice President, Head - Capital Market Strategy at Sharekhan by BNP Paribas says Crisis-driven weakness an\xe2\x80\xa6'"
196,hellogaurav,1278254603469873152,2020-07-01 09:10:20,b'RT @KashmirPolice: JKP #rescued a three years old boy from getting hit by bullets during #terrorist #attack in #Sopore. @JmuKmrPolice https\xe2\x80\xa6'
197,hellogaurav,1277861535721746433,2020-06-30 07:08:26,"b'RT @Sunil_Deodhar: Completely inhuman.\n\nBeating a divyang, a woman and that too only because she asked him to wear a mask ?\n\nThis man has t\xe2\x80\xa6'"
198,hellogaurav,1277821120297594882,2020-06-30 04:27:50,b'RT @hcmariwala: Wearing a mask in these times is a sign of mutual respect. Be responsible. \n\n https://t.co/FNnxCnF5Ub'
199,hellogaurav,1277475281679388673,2020-06-29 05:33:36,b'RT @KanchanGupta: I asked ABV why did he agree to help PVNR when Congress Govt was in a pickle on Iran-sponsored anti-India resolution at U\xe2\x80\xa6'
